connect_rate,message_rate,topic_count,avg_payload_size,failed_auth_count,attack_type
2,11,5,458,1,oversized_payload
2,10,3,1968,0,oversized_payload
3,5,2,99,7,brute_force
8,6,3,43,16,brute_force
20,58,4,275,1,flood
7,31,1,131,3,flood
3,7,3,477,1,oversized_payload
2,18,21,83,3,topic_scan
3,7,1,1621,2,oversized_payload
10,1,1,40,12,brute_force
4,2,1,37,6,brute_force
3,21,14,142,3,topic_scan
5,35,5,127,0,flood
6,13,21,74,3,topic_scan
4,13,9,95,1,topic_scan
2,12,3,2428,0,oversized_payload
7,13,3,81,0,normal
13,42,4,208,3,flood
19,32,4,383,3,flood
3,11,4,1059,0,oversized_payload
3,14,5,375,0,oversized_payload
4,3,2,49,4,brute_force
4,5,3,267,0,normal
7,6,2,115,9,brute_force
19,43,3,186,3,flood
5,47,1,327,3,flood
4,6,3,32,6,brute_force
1,5,1,107,0,normal
13,39,4,322,3,flood
1,6,4,2462,0,oversized_payload
0,5,2,214,0,normal
2,7,5,187,2,topic_scan
2,20,20,27,2,topic_scan
10,6,1,97,5,brute_force
5,19,7,131,2,topic_scan
2,2,4,258,1,normal
5,51,5,231,0,flood
2,8,3,57,0,normal
7,36,1,51,3,flood
4,15,5,1116,1,oversized_payload
3,7,4,2347,2,oversized_payload
0,8,1,128,0,normal
2,1,2,112,11,brute_force
17,29,5,237,2,flood
4,3,4,98,0,normal
1,2,2,2287,1,oversized_payload
9,18,5,41,1,flood
4,10,3,181,0,normal
6,16,22,132,3,topic_scan
6,17,11,197,3,topic_scan
1,4,3,72,0,normal
4,4,3,1175,1,oversized_payload
4,8,2,288,1,normal
2,10,4,891,0,oversized_payload
0,8,3,67,0,normal
3,8,1,2156,0,oversized_payload
8,6,1,79,10,brute_force
5,15,22,107,0,topic_scan
9,4,2,148,5,brute_force
2,1,3,135,18,brute_force
3,14,7,94,0,topic_scan
4,11,1,1521,2,oversized_payload
5,7,2,2003,0,oversized_payload
4,3,3,178,1,normal
8,65,2,92,0,flood
5,9,5,2049,1,oversized_payload
2,2,1,47,4,brute_force
0,2,2,175,0,normal
11,52,5,122,0,flood
7,4,2,79,6,brute_force
3,6,1,290,0,normal
3,12,1,1845,2,oversized_payload
2,11,13,65,0,topic_scan
4,4,3,19,13,brute_force
1,12,5,1142,0,oversized_payload
14,16,5,221,3,flood
4,9,5,1298,2,oversized_payload
4,5,3,2377,0,oversized_payload
5,3,1,49,10,brute_force
10,2,2,129,8,brute_force
5,8,1,746,0,oversized_payload
4,8,1,714,0,oversized_payload
5,12,8,139,3,topic_scan
3,14,5,903,1,oversized_payload
3,14,5,2298,1,oversized_payload
5,11,16,82,0,topic_scan
7,0,2,84,12,brute_force
8,5,2,81,16,brute_force
0,5,4,188,0,normal
4,9,3,153,0,normal
1,18,11,162,0,topic_scan
3,5,2,133,6,brute_force
4,18,12,30,2,topic_scan
17,23,4,132,1,flood
1,7,5,2401,0,oversized_payload
18,25,4,282,3,flood
3,15,1,110,3,flood
2,13,8,100,1,topic_scan
3,9,3,2392,1,oversized_payload
4,12,3,678,0,oversized_payload
5,2,4,1454,2,oversized_payload
7,1,3,113,5,brute_force
10,3,3,147,6,brute_force
3,1,2,235,1,normal
5,12,3,162,0,normal
4,3,1,2343,1,oversized_payload
5,8,3,787,2,oversized_payload
1,14,1,821,2,oversized_payload
5,1,3,128,2,brute_force
3,1,2,1537,0,oversized_payload
2,14,5,832,0,oversized_payload
4,6,2,2362,0,oversized_payload
7,46,4,291,2,flood
7,1,2,124,12,brute_force
5,11,4,1037,1,oversized_payload
4,18,14,77,1,topic_scan
2,8,9,132,3,topic_scan
9,23,5,117,0,flood
2,11,1,1384,1,oversized_payload
1,5,3,2378,1,oversized_payload
2,6,3,224,0,normal
19,32,5,281,1,flood
7,0,1,21,6,brute_force
6,4,2,126,4,brute_force
3,1,3,123,13,brute_force
2,4,1,297,0,normal
0,8,1,98,1,normal
1,12,2,1946,2,oversized_payload
3,3,1,1723,0,oversized_payload
4,14,2,2240,2,oversized_payload
3,19,19,121,2,topic_scan
8,2,2,84,6,brute_force
4,12,4,675,0,oversized_payload
0,5,3,40,1,normal
5,1,2,71,12,brute_force
1,9,8,123,1,topic_scan
4,6,2,115,16,brute_force
2,6,1,143,14,brute_force
9,51,2,282,2,flood
3,7,2,2038,1,oversized_payload
13,29,3,70,0,flood
1,11,10,95,2,topic_scan
19,65,2,81,1,flood
3,12,21,177,1,topic_scan
1,1,2,228,1,normal
4,8,1,1931,2,oversized_payload
1,19,15,187,0,topic_scan
3,5,4,79,0,normal
2,17,13,87,0,topic_scan
3,5,2,243,1,normal
4,4,1,1266,0,oversized_payload
9,30,3,163,2,flood
3,16,8,186,3,topic_scan
6,63,2,324,3,flood
7,17,1,57,0,normal
2,3,3,27,0,normal
13,31,3,126,1,flood
4,1,4,185,1,normal
7,5,2,20,5,brute_force
13,33,5,167,3,flood
10,22,2,386,0,flood
6,9,8,161,1,topic_scan
2,5,3,143,5,brute_force
12,45,3,369,3,flood
6,22,13,141,3,topic_scan
5,13,19,92,0,topic_scan
6,4,3,49,5,brute_force
4,9,3,390,0,flood
5,5,2,1243,2,oversized_payload
13,29,5,129,3,flood
9,36,4,213,1,flood
5,9,1,1249,2,oversized_payload
2,8,3,886,1,oversized_payload
4,13,8,86,3,topic_scan
6,6,2,13,5,brute_force
4,5,1,284,0,normal
4,4,3,42,1,normal
3,19,14,109,3,topic_scan
5,36,1,366,3,flood
0,6,3,252,1,normal
1,8,2,538,2,oversized_payload
3,19,20,107,1,topic_scan
4,6,3,23,10,brute_force
4,3,4,424,1,oversized_payload
4,4,4,234,1,normal
5,58,2,224,0,flood
7,5,1,141,18,brute_force
6,9,15,195,3,topic_scan
2,3,1,65,18,brute_force
1,9,1,121,1,normal
6,14,4,284,0,flood
4,3,1,53,1,normal
1,8,1,231,1,normal
6,14,14,173,0,topic_scan
1,13,11,162,1,topic_scan
18,40,2,113,3,flood
2,5,2,1404,2,oversized_payload
3,14,4,1560,2,oversized_payload
5,22,17,169,3,topic_scan
1,9,1,100,0,normal
4,15,8,55,2,topic_scan
1,1,3,216,0,normal
2,11,3,2009,0,oversized_payload
2,9,5,328,2,oversized_payload
13,28,2,125,1,flood
18,16,2,307,2,flood
15,18,1,105,1,flood
11,17,5,163,3,flood
5,4,3,41,15,brute_force
9,6,3,95,11,brute_force
4,7,1,92,0,normal
2,12,16,185,0,topic_scan
3,6,4,284,1,normal
9,3,1,44,11,brute_force
3,4,1,61,6,brute_force
3,11,1,2419,1,oversized_payload
3,1,5,419,1,oversized_payload
2,0,2,55,6,brute_force
2,12,5,2128,0,oversized_payload
5,29,3,341,2,flood
4,1,5,508,1,oversized_payload
6,37,1,278,1,flood
3,9,3,246,1,normal
2,3,1,200,1,normal
1,10,3,539,2,oversized_payload
5,20,5,346,2,flood
2,11,9,124,3,topic_scan
2,12,1,808,1,oversized_payload
4,5,1,88,1,normal
6,20,17,185,3,topic_scan
7,6,3,16,16,brute_force
9,2,3,56,5,brute_force
3,22,13,128,0,topic_scan
4,1,3,49,6,brute_force
10,63,4,67,0,flood
3,5,2,186,0,normal
3,5,4,148,2,topic_scan
4,9,21,184,2,topic_scan
2,19,15,125,1,topic_scan
3,11,4,986,2,oversized_payload
0,7,1,260,0,normal
2,10,6,81,3,topic_scan
11,43,5,249,3,flood
7,30,5,337,2,flood
5,0,3,61,15,brute_force
9,6,1,72,12,brute_force
2,3,1,108,11,brute_force
6,1,1,16,13,brute_force
3,14,21,57,2,topic_scan
9,5,3,63,16,brute_force
2,2,2,148,18,brute_force
6,11,14,123,1,topic_scan
6,19,15,17,2,topic_scan
4,9,4,253,1,normal
13,52,5,321,1,flood
5,13,3,322,0,oversized_payload
1,2,2,444,1,oversized_payload
6,16,2,179,0,normal
8,5,1,143,8,brute_force
10,0,2,77,11,brute_force
8,2,1,72,7,brute_force
5,4,3,1999,2,oversized_payload
5,4,1,35,15,brute_force
14,32,2,396,3,flood
4,6,2,221,1,normal
5,21,4,241,0,flood
2,21,19,123,2,topic_scan
3,17,13,42,0,topic_scan
4,5,3,1121,0,oversized_payload
2,9,4,298,1,normal
3,10,4,791,2,oversized_payload
6,20,17,111,1,topic_scan
10,61,2,83,3,flood
4,1,1,107,8,brute_force
4,8,1,147,0,normal
2,13,22,53,3,topic_scan
3,11,2,1924,2,oversized_payload
2,2,2,109,9,brute_force
1,1,3,264,0,normal
5,4,1,37,13,brute_force
3,6,3,43,10,brute_force
2,10,3,1393,2,oversized_payload
0,6,2,50,1,normal
7,26,2,178,0,flood
5,14,1,2296,2,oversized_payload
9,5,3,52,7,brute_force
6,18,9,152,0,topic_scan
2,0,2,103,11,brute_force
8,2,2,25,5,brute_force
5,19,10,148,2,topic_scan
8,3,1,95,9,brute_force
4,3,1,58,12,brute_force
4,13,16,144,1,topic_scan
3,4,4,2019,1,oversized_payload
6,13,22,177,2,topic_scan
6,0,3,112,13,brute_force
3,3,4,85,0,normal
4,6,2,128,15,brute_force
4,1,1,124,1,normal
7,3,1,119,9,brute_force
2,12,10,89,0,topic_scan
3,8,2,135,1,normal
2,13,21,36,0,topic_scan
2,1,1,106,16,brute_force
3,9,1,43,0,normal
0,6,4,151,1,normal
17,23,5,321,0,flood
1,10,21,31,3,topic_scan
10,3,3,57,18,brute_force
5,31,2,238,0,flood
3,8,1,47,0,normal
5,20,2,271,3,flood
8,47,5,90,2,flood
9,62,3,90,0,flood
4,15,10,17,0,topic_scan
1,3,4,98,1,normal
4,22,17,81,3,topic_scan
6,1,2,27,11,brute_force
6,16,13,51,2,topic_scan
5,17,11,29,1,topic_scan
1,5,1,495,1,oversized_payload
4,17,17,19,1,topic_scan
3,2,4,48,1,normal
5,10,3,344,1,flood
4,7,4,1840,1,oversized_payload
18,27,2,362,2,flood
10,5,1,45,8,brute_force
1,2,3,1774,1,oversized_payload
10,18,4,350,2,flood
9,1,2,113,16,brute_force
4,13,1,2136,2,oversized_payload
17,59,3,192,3,flood
2,22,20,132,3,topic_scan
0,2,4,132,0,normal
4,6,1,140,1,normal
2,18,10,67,2,topic_scan
5,8,1,1852,0,oversized_payload
2,9,3,232,1,normal
8,19,3,117,3,flood
10,6,2,13,8,brute_force
3,4,1,114,7,brute_force
11,48,4,208,3,flood
11,44,1,164,3,flood
3,2,3,28,16,brute_force
3,10,4,163,0,normal
4,1,1,28,14,brute_force
4,2,1,984,1,oversized_payload
2,2,3,143,0,normal
8,36,2,127,3,flood
2,8,1,395,0,oversized_payload
5,17,17,117,0,topic_scan
1,4,4,207,0,normal
18,32,3,98,2,flood
4,8,4,47,0,normal
2,6,1,59,9,brute_force
4,7,4,302,0,oversized_payload
16,23,2,81,2,flood
6,19,19,182,3,topic_scan
2,3,5,1220,1,oversized_payload
6,5,2,18,8,brute_force
3,12,4,227,1,normal
2,1,1,613,2,oversized_payload
5,7,1,1313,1,oversized_payload
2,7,2,156,0,normal
4,8,19,80,2,topic_scan
2,4,5,1750,2,oversized_payload
2,13,3,341,0,oversized_payload
1,9,1,209,0,normal
5,5,2,2185,2,oversized_payload
3,8,3,160,0,normal
6,13,22,198,3,topic_scan
4,11,3,1487,2,oversized_payload
19,21,5,375,1,flood
13,59,3,262,3,flood
14,21,2,301,1,flood
15,41,3,84,1,flood
0,9,3,254,0,normal
3,14,17,131,0,topic_scan
3,7,5,432,1,oversized_payload
8,3,1,141,7,brute_force
4,1,3,1574,1,oversized_payload
6,20,18,142,3,topic_scan
6,18,12,176,3,topic_scan
2,1,2,128,18,brute_force
4,7,1,1413,0,oversized_payload
1,10,3,2340,2,oversized_payload
2,5,2,36,10,brute_force
4,13,2,1730,1,oversized_payload
5,14,8,68,1,topic_scan
6,33,3,376,2,flood
17,62,2,367,0,flood
3,9,3,34,0,normal
5,1,2,831,1,oversized_payload
4,6,1,398,2,oversized_payload
3,2,2,130,4,brute_force
0,4,4,225,0,normal
4,16,2,124,0,flood
6,19,19,188,1,topic_scan
6,21,11,46,2,topic_scan
4,6,4,180,1,normal
10,5,2,102,11,brute_force
4,13,1,2299,2,oversized_payload
5,45,2,361,1,flood
3,18,22,186,0,topic_scan
5,0,1,13,11,brute_force
4,5,1,101,1,normal
3,4,1,2338,1,oversized_payload
4,8,2,297,0,normal
4,5,1,1048,1,oversized_payload
2,0,1,81,13,brute_force
10,21,4,332,3,flood
2,2,3,48,9,brute_force
6,15,2,288,3,flood
4,4,2,707,0,oversized_payload
2,9,3,376,1,oversized_payload
4,7,4,801,1,oversized_payload
5,13,4,1465,2,oversized_payload
17,41,5,100,3,flood
6,5,1,135,10,brute_force
5,45,1,162,0,flood
2,8,1,139,1,normal
6,5,3,248,5,brute_force
4,22,10,101,0,topic_scan
6,16,2,333,1,flood
6,20,8,16,2,topic_scan
14,37,3,374,3,flood
4,5,5,1842,1,oversized_payload
9,1,2,113,5,brute_force
1,9,5,1385,2,oversized_payload
1,4,1,1554,1,oversized_payload
4,12,4,964,0,oversized_payload
4,4,2,65,13,brute_force
2,9,2,118,1,normal
0,5,3,232,0,normal
3,3,1,268,5,brute_force
3,6,3,13,12,brute_force
1,21,15,150,1,topic_scan
5,5,4,632,2,oversized_payload
4,8,3,36,0,normal
3,3,3,95,12,brute_force
9,45,4,87,3,flood
1,2,1,919,1,oversized_payload
5,6,2,15,16,brute_force
3,14,12,126,0,topic_scan
4,3,3,37,6,brute_force
18,18,3,365,1,flood
2,1,3,81,13,brute_force
4,1,3,1317,2,oversized_payload
8,3,3,35,11,brute_force
3,0,1,55,17,brute_force
4,13,11,69,0,topic_scan
7,3,3,146,5,brute_force
1,12,5,2012,0,oversized_payload
7,2,3,100,18,brute_force
3,6,6,135,2,topic_scan
7,6,2,26,6,brute_force
4,22,21,147,2,topic_scan
3,17,19,112,1,topic_scan
1,19,22,20,0,topic_scan
9,5,2,264,3,brute_force
18,27,2,334,2,flood
3,3,1,1547,2,oversized_payload
4,10,3,1352,2,oversized_payload
4,12,2,1626,1,oversized_payload
13,31,5,246,2,flood
1,14,3,1633,2,oversized_payload
4,11,1,69,0,normal
6,2,3,102,5,brute_force
1,1,1,117,0,normal
18,21,3,342,1,flood
2,7,4,245,1,normal
4,4,2,45,0,normal
4,1,1,507,0,oversized_payload
1,9,4,106,0,normal
6,2,3,115,12,brute_force
6,6,2,92,14,brute_force
4,5,4,224,1,normal
5,52,5,116,0,flood
9,18,3,134,0,flood
6,21,16,144,2,topic_scan
5,17,1,155,0,flood
2,6,2,190,0,normal
4,5,2,17,15,brute_force
6,9,3,80,0,normal
5,2,1,147,4,brute_force
3,8,4,199,1,flood
5,57,3,135,1,flood
6,17,13,164,0,topic_scan
4,10,1,62,1,normal
4,2,4,290,1,normal
6,17,13,16,1,topic_scan
3,6,3,72,0,normal
2,10,8,118,2,topic_scan
20,36,2,190,0,flood
1,6,2,82,0,normal
6,1,2,23,17,brute_force
4,8,4,97,1,normal
1,1,3,1972,1,oversized_payload
3,6,3,214,1,normal
8,6,1,81,7,brute_force
1,10,17,113,2,topic_scan
9,24,5,331,0,flood
5,0,1,141,13,brute_force
2,18,19,77,0,topic_scan
3,15,2,853,0,oversized_payload
5,5,5,2198,2,oversized_payload
3,7,2,1658,2,oversized_payload
13,28,2,384,0,flood
1,20,15,189,2,topic_scan
4,13,4,1217,1,oversized_payload
9,65,2,135,0,flood
16,47,3,117,1,flood
2,2,2,99,8,brute_force
15,50,5,386,0,flood
14,36,1,292,2,flood
1,2,2,24,0,normal
2,5,4,1547,2,oversized_payload
3,5,4,57,0,normal
6,5,2,135,12,brute_force
0,8,2,184,1,normal
2,11,1,823,0,oversized_payload
1,8,1,413,1,oversized_payload
5,15,20,68,2,topic_scan
1,6,3,1519,0,oversized_payload
14,37,4,306,1,flood
3,1,2,205,1,normal
0,9,3,84,1,normal
4,19,18,113,3,topic_scan
1,13,16,31,3,topic_scan
6,19,18,140,3,topic_scan
14,46,5,311,2,flood
4,10,3,244,0,normal
4,7,1,171,0,normal
2,2,4,283,0,normal
2,13,22,198,2,topic_scan
10,52,5,263,3,flood
16,40,5,55,2,flood
7,13,4,147,0,normal
3,2,2,85,1,normal
1,10,18,100,1,topic_scan
10,0,1,101,5,brute_force
3,4,5,2057,1,oversized_payload
10,3,3,15,4,brute_force
1,9,7,112,1,topic_scan
6,11,16,26,1,topic_scan
5,0,1,47,4,brute_force
3,21,16,180,1,topic_scan
1,7,2,38,1,normal
2,9,3,93,0,normal
3,2,3,404,0,oversized_payload
5,11,12,65,0,topic_scan
17,51,5,281,1,flood
2,16,17,160,3,topic_scan
2,9,2,579,0,oversized_payload
15,33,4,98,1,flood
10,43,4,190,3,flood
2,7,5,2164,2,oversized_payload
3,2,1,2442,0,oversized_payload
7,22,2,208,2,flood
1,10,3,1881,1,oversized_payload
4,14,10,141,0,topic_scan
4,14,20,54,3,topic_scan
20,46,3,76,3,flood
10,0,2,43,5,brute_force
6,54,5,345,1,flood
6,11,14,134,1,topic_scan
4,3,2,109,0,normal
5,15,17,111,3,topic_scan
14,61,5,328,2,flood
7,14,2,109,1,normal
9,6,3,95,5,brute_force
4,6,3,141,1,normal
10,55,4,254,0,flood
3,2,4,1476,2,oversized_payload
5,15,5,185,1,flood
6,13,4,188,1,normal
7,20,4,314,3,flood
2,7,1,2411,0,oversized_payload
17,50,5,364,3,flood
3,8,1,1574,0,oversized_payload
4,10,7,198,0,topic_scan
5,18,3,240,0,normal
20,23,3,316,1,flood
3,14,1,897,2,oversized_payload
3,17,15,147,2,topic_scan
1,22,13,120,2,topic_scan
2,10,1,191,0,normal
0,7,3,255,0,normal
3,17,17,89,2,topic_scan
17,52,1,188,3,flood
3,10,4,145,3,topic_scan
5,16,4,224,0,flood
1,6,4,273,1,normal
14,54,5,73,1,flood
3,1,3,276,0,normal
3,5,1,26,9,brute_force
4,10,3,616,2,oversized_payload
8,6,2,24,17,brute_force
8,3,3,71,15,brute_force
9,18,5,246,3,flood
2,3,1,64,16,brute_force
5,10,20,34,1,topic_scan
1,6,1,145,1,normal
20,50,1,43,3,flood
4,5,2,233,0,normal
1,13,9,90,0,topic_scan
3,13,13,174,1,topic_scan
7,4,1,149,7,brute_force
4,3,5,369,2,oversized_payload
8,6,2,131,15,brute_force
8,3,2,25,8,brute_force
2,19,21,139,3,topic_scan
3,14,12,193,0,topic_scan
2,0,3,95,9,brute_force
4,16,22,115,0,topic_scan
18,65,4,362,2,flood
2,22,15,199,1,topic_scan
11,51,3,123,1,flood
2,3,1,1055,2,oversized_payload
1,1,3,1162,1,oversized_payload
3,5,4,176,0,normal
8,3,2,19,4,brute_force
8,1,3,137,16,brute_force
1,1,2,244,0,normal
2,10,2,53,0,normal
5,0,3,74,4,brute_force
1,11,1,933,1,oversized_payload
2,14,5,1137,0,oversized_payload
5,26,4,285,1,flood
5,4,1,83,4,brute_force
2,4,3,191,1,normal
10,2,2,135,10,brute_force
6,6,2,138,5,brute_force
3,10,12,145,2,topic_scan
3,4,1,782,0,oversized_payload
7,18,4,61,1,normal
0,1,4,277,0,normal
1,11,3,2122,0,oversized_payload
1,9,8,121,3,topic_scan
5,2,2,78,12,brute_force
7,4,3,14,17,brute_force
5,9,3,1677,2,oversized_payload
8,3,2,121,12,brute_force
1,14,2,1000,1,oversized_payload
3,7,4,1642,0,oversized_payload
20,43,3,90,3,flood
1,5,3,1954,1,oversized_payload
5,13,3,1581,0,oversized_payload
1,10,2,107,1,normal
4,11,7,131,3,topic_scan
7,3,3,10,12,brute_force
9,5,3,32,12,brute_force
4,6,1,245,0,normal
1,9,8,127,1,topic_scan
0,5,4,223,0,normal
6,2,3,51,15,brute_force
2,8,15,122,3,topic_scan
4,16,2,125,0,normal
3,11,3,123,0,normal
4,12,2,940,0,oversized_payload
4,13,9,177,1,topic_scan
5,9,18,34,0,topic_scan
4,15,19,183,3,topic_scan
9,43,2,147,0,flood
8,46,2,341,1,flood
3,1,2,214,0,normal
16,50,4,328,3,flood
0,10,4,155,0,normal
4,5,1,171,1,normal
3,15,4,385,1,flood
3,9,3,25,0,normal
6,19,19,116,0,topic_scan
2,5,1,1099,2,oversized_payload
3,5,1,744,1,oversized_payload
3,21,19,117,0,topic_scan
1,8,1,204,1,normal
4,12,19,186,2,topic_scan
1,5,4,128,0,normal
2,10,4,1285,1,oversized_payload
10,63,5,101,3,flood
6,65,5,287,0,flood
2,8,3,1164,0,oversized_payload
3,1,1,107,0,normal
19,64,3,330,3,flood
5,13,4,452,1,oversized_payload
4,6,3,2424,1,oversized_payload
4,20,9,57,3,topic_scan
3,1,2,32,5,brute_force
4,14,12,43,1,topic_scan
1,9,11,48,1,topic_scan
1,7,4,1209,0,oversized_payload
4,12,5,473,0,oversized_payload
2,12,14,148,2,topic_scan
4,5,2,143,11,brute_force
17,63,2,241,3,flood
10,19,4,194,1,flood
5,6,1,486,1,oversized_payload
2,5,3,63,0,normal
2,1,3,967,0,oversized_payload
5,2,5,2066,0,oversized_payload
3,17,7,99,0,topic_scan
0,4,3,60,0,normal
0,8,2,173,0,normal
2,12,5,573,2,oversized_payload
2,6,4,526,0,oversized_payload
4,2,3,217,0,normal
5,9,3,71,3,flood
5,15,16,38,1,topic_scan
5,59,3,157,2,flood
4,11,22,177,0,topic_scan
3,10,3,1826,0,oversized_payload
19,31,2,167,0,flood
3,7,1,296,0,normal
4,4,2,760,0,oversized_payload
3,0,3,141,5,brute_force
6,21,12,27,3,topic_scan
19,28,1,81,1,flood
3,10,12,80,0,topic_scan
2,17,11,128,3,topic_scan
3,6,1,14,11,brute_force
9,4,2,89,9,brute_force
6,14,15,33,0,topic_scan
5,15,8,15,3,topic_scan
5,2,2,16,16,brute_force
5,65,2,179,0,flood
9,37,1,277,0,flood
4,6,2,765,0,oversized_payload
3,15,10,52,3,topic_scan
4,8,1,280,1,oversized_payload
2,9,17,147,1,topic_scan
4,11,4,867,0,oversized_payload
11,48,1,390,0,flood
15,38,2,285,3,flood
8,3,2,123,15,brute_force
2,9,8,31,2,topic_scan
10,4,3,144,7,brute_force
2,3,4,151,0,normal
0,5,4,37,1,normal
4,6,2,275,1,normal
9,0,3,62,9,brute_force
14,56,2,194,0,flood
5,12,4,128,1,normal
20,29,1,165,2,flood
3,6,5,1598,2,oversized_payload
4,1,4,264,0,normal
1,5,4,459,0,oversized_payload
4,6,3,252,1,normal
7,1,1,83,8,brute_force
4,18,13,154,3,topic_scan
7,20,2,205,1,flood
2,2,3,100,9,brute_force
0,3,3,46,0,normal
4,2,1,146,15,brute_force
6,4,1,53,5,brute_force
5,20,19,82,3,topic_scan
6,24,3,77,0,flood
6,14,22,44,3,topic_scan
9,5,3,49,9,brute_force
0,2,4,189,1,normal
1,3,4,283,1,normal
4,10,3,211,1,normal
6,63,4,309,1,flood
3,22,10,20,1,topic_scan
3,1,3,131,9,brute_force
3,2,2,286,0,normal
1,5,2,77,0,normal
1,10,1,103,1,normal
4,3,3,61,18,brute_force
3,9,4,180,0,normal
1,5,2,108,0,normal
4,2,1,295,0,normal
5,4,2,56,9,brute_force
5,20,10,158,0,topic_scan
1,8,2,216,0,normal
1,8,3,249,0,normal
9,1,1,91,8,brute_force
5,3,2,1424,0,oversized_payload
18,49,1,214,0,flood
10,3,3,46,15,brute_force
8,51,4,106,0,flood
7,31,3,36,1,flood
4,2,4,36,0,normal
1,5,2,1020,2,oversized_payload
3,10,1,143,0,normal
0,1,1,231,0,normal
5,15,3,1840,0,oversized_payload
4,15,16,75,1,topic_scan
4,8,5,707,0,oversized_payload
0,3,1,203,0,normal
19,26,5,224,2,flood
4,7,3,149,0,normal
1,21,18,146,1,topic_scan
2,6,1,33,11,brute_force
13,46,2,291,2,flood
12,54,3,129,0,flood
3,19,13,44,2,topic_scan
6,3,3,98,5,brute_force
1,8,8,111,2,topic_scan
3,14,5,420,2,oversized_payload
2,9,5,1798,1,oversized_payload
8,1,2,140,15,brute_force
8,51,1,167,2,flood
13,59,4,223,3,flood
14,59,5,108,2,flood
2,8,16,82,1,topic_scan
4,6,4,261,0,normal
1,18,17,19,2,topic_scan
17,63,3,250,0,flood
4,14,8,66,1,topic_scan
2,19,20,34,1,topic_scan
1,9,4,159,0,normal
3,2,2,1611,1,oversized_payload
0,6,3,146,1,normal
5,5,2,2072,2,oversized_payload
2,10,3,15,0,topic_scan
3,10,14,117,0,topic_scan
1,4,1,975,0,oversized_payload
1,1,2,1168,1,oversized_payload
0,6,4,187,0,normal
16,28,4,360,1,flood
12,41,3,168,0,flood
3,5,2,568,2,oversized_payload
3,12,5,237,0,flood
19,60,2,254,2,flood
4,11,17,35,0,topic_scan
4,12,15,189,3,topic_scan
6,14,10,86,3,topic_scan
10,0,2,130,6,brute_force
4,4,4,173,1,normal
2,5,3,2372,0,oversized_payload
20,64,2,309,1,flood
6,12,10,179,0,topic_scan
4,19,11,21,0,topic_scan
1,8,1,2262,1,oversized_payload
2,3,3,139,4,brute_force
9,62,4,213,0,flood
2,8,3,24,1,normal
3,1,4,211,1,normal
5,9,2,1975,0,oversized_payload
1,5,3,2456,0,oversized_payload
5,64,1,264,2,flood
1,5,3,187,0,normal
8,2,3,112,9,brute_force
4,9,3,215,1,normal
1,2,4,228,1,normal
3,6,2,168,0,normal
4,17,17,156,0,topic_scan
10,5,2,137,12,brute_force
3,10,8,168,2,topic_scan
6,15,15,77,2,topic_scan
2,2,2,146,17,brute_force
2,17,8,134,2,topic_scan
2,18,12,31,1,topic_scan
8,6,2,275,3,brute_force
3,6,5,2462,0,oversized_payload
1,8,6,98,3,topic_scan
9,0,1,11,6,brute_force
6,15,10,105,3,topic_scan
4,8,2,248,1,normal
5,2,2,1317,0,oversized_payload
6,4,1,102,3,brute_force
4,5,3,90,0,normal
3,6,6,66,1,topic_scan
1,2,3,228,0,normal
5,3,2,89,18,brute_force
4,3,2,1711,2,oversized_payload
8,33,3,340,0,flood
1,11,10,19,1,topic_scan
4,3,1,161,1,normal
4,20,18,172,1,topic_scan
12,18,5,236,2,flood
2,4,3,2145,1,oversized_payload
7,17,3,40,2,flood
7,0,3,77,16,brute_force
11,37,4,181,1,flood
5,6,3,964,0,oversized_payload
2,10,4,210,0,normal
16,19,3,390,3,flood
3,5,3,78,1,normal
4,4,3,844,0,oversized_payload
10,5,2,140,13,brute_force
9,3,1,51,7,brute_force
18,18,2,100,1,flood
6,9,12,196,0,topic_scan
5,16,5,148,0,flood
8,62,2,182,0,flood
2,8,10,146,2,topic_scan
1,4,2,267,1,normal
10,2,1,16,10,brute_force
7,28,2,233,0,flood
0,9,1,165,0,normal
5,12,13,143,3,topic_scan
2,12,13,56,3,topic_scan
5,15,5,295,1,flood
10,56,5,71,2,flood
2,1,5,1965,1,oversized_payload
3,2,3,1423,2,oversized_payload
14,31,4,55,0,flood
4,12,2,223,0,normal
6,38,2,365,0,flood
2,5,1,801,1,oversized_payload
1,2,3,54,0,normal
9,6,3,118,13,brute_force
8,47,1,121,1,flood
1,9,5,1388,2,oversized_payload
9,0,3,83,10,brute_force
7,5,2,112,4,brute_force
2,10,4,757,0,oversized_payload
2,11,4,1212,1,oversized_payload
2,9,14,139,2,topic_scan
15,23,4,321,3,flood
2,9,10,33,2,topic_scan
6,0,2,66,13,brute_force
14,36,5,325,1,flood
3,17,2,49,0,normal
3,21,21,58,3,topic_scan
8,5,3,111,4,brute_force
2,2,3,42,11,brute_force
2,13,5,2092,2,oversized_payload
3,22,17,177,2,topic_scan
1,17,20,43,0,topic_scan
9,2,1,118,15,brute_force
1,7,3,252,1,normal
3,4,4,214,1,normal
9,17,2,195,0,flood
3,5,3,136,16,brute_force
1,7,3,215,1,normal
10,5,1,62,15,brute_force
2,9,20,109,1,topic_scan
4,1,4,166,0,normal
3,5,4,206,0,normal
6,14,14,123,1,topic_scan
6,4,3,69,13,brute_force
6,14,8,85,0,topic_scan
3,8,4,72,0,topic_scan
2,10,3,262,1,normal
10,1,2,64,16,brute_force
5,4,2,54,5,brute_force
2,5,2,73,7,brute_force
6,2,2,294,2,brute_force
5,8,12,81,1,topic_scan
6,0,3,89,14,brute_force
3,8,2,202,1,normal
3,1,5,1036,2,oversized_payload
2,9,1,111,1,normal
4,15,21,62,1,topic_scan
2,6,4,1857,0,oversized_payload
7,4,2,22,6,brute_force
4,0,3,57,8,brute_force
14,35,1,313,3,flood
5,10,11,144,3,topic_scan
5,10,2,2119,0,oversized_payload
11,49,4,361,0,flood
6,26,5,192,1,flood
3,10,2,287,1,normal
2,22,8,39,2,topic_scan
0,4,2,117,1,normal
0,1,2,275,1,normal
18,32,5,62,2,flood
4,6,4,2310,1,oversized_payload
3,20,11,98,1,topic_scan
2,1,2,110,14,brute_force
5,59,4,274,2,flood
15,34,3,99,1,flood
2,7,2,1513,0,oversized_payload
4,7,5,2436,2,oversized_payload
1,13,7,33,2,topic_scan
4,21,22,45,1,topic_scan
3,1,2,29,14,brute_force
1,11,2,1260,2,oversized_payload
12,16,3,59,3,flood
2,12,4,2120,0,oversized_payload
4,4,1,91,1,normal
4,19,21,168,2,topic_scan
3,3,3,207,1,normal
4,6,2,53,16,brute_force
5,3,1,722,2,oversized_payload
3,3,3,25,9,brute_force
2,7,4,87,1,topic_scan
10,2,2,104,16,brute_force
17,46,2,325,2,flood
17,23,1,38,1,flood
4,9,22,91,1,topic_scan
5,15,12,19,1,topic_scan
20,51,2,273,2,flood
8,1,1,131,14,brute_force
1,13,3,463,1,oversized_payload
14,25,1,53,2,flood
5,1,1,110,11,brute_force
4,5,3,29,15,brute_force
2,8,3,236,1,normal
3,6,4,99,1,normal
4,3,1,1156,0,oversized_payload
11,48,3,228,3,flood
15,47,4,244,1,flood
3,4,3,86,4,brute_force
4,11,2,255,2,flood
5,10,8,191,3,topic_scan
6,39,4,243,2,flood
5,15,5,99,2,flood
2,14,5,1344,1,oversized_payload
2,1,4,269,0,normal
2,15,1,644,1,oversized_payload
2,5,3,204,1,normal
4,12,2,2051,1,oversized_payload
0,10,2,258,1,normal
3,3,4,64,1,normal
6,10,8,47,3,topic_scan
4,10,7,91,1,topic_scan
3,6,3,247,0,normal
2,7,1,905,0,oversized_payload
6,2,2,13,15,brute_force
1,12,9,102,0,topic_scan
3,20,13,77,3,topic_scan
3,16,19,165,2,topic_scan
1,6,3,60,1,normal
10,4,2,85,11,brute_force
10,0,1,120,8,brute_force
4,7,4,1138,2,oversized_payload
1,6,1,2285,1,oversized_payload
1,5,1,24,1,normal
5,14,17,109,2,topic_scan
4,5,1,164,1,normal
13,62,1,175,0,flood
1,16,9,26,0,topic_scan
4,2,4,363,2,oversized_payload
1,15,7,33,3,topic_scan
1,2,2,181,0,normal
9,0,1,39,8,brute_force
1,1,2,425,2,oversized_payload
3,14,2,2217,1,oversized_payload
13,18,5,144,3,flood
5,9,2,235,2,flood
6,22,16,78,3,topic_scan
8,1,3,39,17,brute_force
5,8,3,2463,2,oversized_payload
17,43,1,354,0,flood
10,0,1,123,15,brute_force
7,1,2,50,16,brute_force
4,14,1,720,0,oversized_payload
1,21,12,193,2,topic_scan
4,8,3,43,0,normal
2,1,3,22,18,brute_force
5,16,1,28,1,normal
4,10,1,251,0,normal
3,2,1,927,2,oversized_payload
1,6,2,21,1,normal
10,2,2,46,16,brute_force
1,8,4,140,1,normal
1,4,4,698,2,oversized_payload
1,2,1,767,2,oversized_payload
3,3,5,1066,2,oversized_payload
15,44,5,332,0,flood
5,3,2,1551,0,oversized_payload
6,13,21,193,3,topic_scan
5,13,1,1083,2,oversized_payload
2,7,4,96,1,normal
10,4,2,100,18,brute_force
3,15,1,1189,2,oversized_payload
2,18,13,32,2,topic_scan
7,27,4,138,3,flood
2,12,2,2169,2,oversized_payload
6,1,3,127,17,brute_force
6,13,4,273,0,normal
4,20,21,43,0,topic_scan
17,38,2,258,0,flood
4,9,4,173,1,normal
5,6,3,741,2,oversized_payload
0,3,4,161,1,normal
3,9,1,252,0,normal
6,18,9,116,1,topic_scan
4,15,20,100,3,topic_scan
5,14,14,174,0,topic_scan
1,10,4,144,1,normal
1,21,12,35,2,topic_scan
12,58,2,191,3,flood
2,15,20,16,1,topic_scan
14,59,5,190,1,flood
12,23,4,309,2,flood
4,2,1,296,0,normal
2,22,7,83,0,topic_scan
1,4,4,1978,0,oversized_payload
2,6,3,23,0,normal
4,11,1,318,0,oversized_payload
2,7,3,276,1,normal
5,13,5,1461,0,oversized_payload
0,10,3,260,1,normal
1,8,4,22,0,normal
3,10,7,117,2,topic_scan
0,5,1,252,1,normal
1,14,15,139,3,topic_scan
4,6,3,214,1,normal
2,5,1,298,1,normal
5,8,9,88,3,topic_scan
3,12,2,2113,2,oversized_payload
2,15,16,195,3,topic_scan
2,3,4,205,0,normal
6,19,14,170,3,topic_scan
4,8,2,135,1,normal
6,21,9,42,2,topic_scan
9,5,1,63,16,brute_force
6,2,2,56,15,brute_force
2,3,3,39,0,normal
4,5,1,147,0,normal
5,5,3,80,0,topic_scan
10,26,2,333,2,flood
3,3,1,153,1,normal
6,14,13,116,0,topic_scan
10,3,1,85,4,brute_force
19,64,3,167,3,flood
3,3,3,227,0,normal
6,8,2,346,3,flood
1,2,3,30,0,normal
9,5,2,36,4,brute_force
16,52,1,390,2,flood
12,54,3,109,0,flood
2,11,5,1321,0,oversized_payload
10,64,5,303,0,flood
11,56,4,204,2,flood
1,15,2,1715,0,oversized_payload
2,2,2,440,0,oversized_payload
4,4,3,68,5,brute_force
14,27,1,336,1,flood
4,14,19,191,2,topic_scan
12,35,4,173,3,flood
4,9,1,185,1,normal
4,10,4,171,0,normal
9,51,2,81,2,flood
5,14,3,1510,2,oversized_payload
3,8,4,72,0,normal
16,20,4,90,1,flood
6,9,17,21,2,topic_scan
16,46,4,339,0,flood
9,5,1,79,6,brute_force
15,64,4,378,3,flood
0,2,4,161,0,normal
4,18,11,80,1,topic_scan
18,16,2,52,1,flood
3,12,4,1411,1,oversized_payload
1,7,4,52,0,normal
5,39,3,275,3,flood
3,19,21,144,3,topic_scan
9,0,3,138,5,brute_force
5,6,1,26,6,brute_force
2,8,1,66,1,normal
6,15,2,170,2,flood
3,13,8,33,3,topic_scan
3,1,2,470,1,oversized_payload
1,11,2,854,0,oversized_payload
4,9,18,116,3,topic_scan
2,1,1,968,0,oversized_payload
10,4,2,131,12,brute_force
1,18,8,184,0,topic_scan
8,48,1,222,1,flood
8,6,2,97,12,brute_force
19,34,3,241,2,flood
13,37,1,240,0,flood
5,3,2,73,15,brute_force
1,9,5,471,0,oversized_payload
5,7,4,1218,2,oversized_payload
5,14,11,81,0,topic_scan
7,2,1,28,8,brute_force
7,38,3,123,0,flood
4,11,5,1321,0,oversized_payload
6,17,14,37,3,topic_scan
6,11,11,141,0,topic_scan
2,4,2,142,16,brute_force
9,4,1,72,15,brute_force
5,15,1,2127,2,oversized_payload
0,2,3,133,1,normal
2,7,3,253,1,normal
1,8,13,76,1,topic_scan
0,5,2,134,0,normal
9,0,3,128,9,brute_force
2,9,4,79,0,normal
5,12,3,1822,1,oversized_payload
4,12,5,270,1,oversized_payload
3,15,4,75,1,normal
1,15,13,62,1,topic_scan
2,6,3,67,1,topic_scan
2,6,3,42,1,normal
2,2,2,295,1,normal
5,20,9,179,2,topic_scan
5,8,9,101,3,topic_scan
11,18,2,46,3,flood
1,8,1,2100,2,oversized_payload
2,7,4,1756,0,oversized_payload
17,34,2,156,2,flood
8,1,3,93,7,brute_force
3,2,4,112,1,normal
4,6,5,166,2,topic_scan
3,19,19,190,1,topic_scan
5,10,13,126,2,topic_scan
1,15,4,677,1,oversized_payload
13,56,4,292,0,flood
9,30,2,394,2,flood
2,2,4,41,1,normal
1,8,3,265,1,normal
5,18,22,38,2,topic_scan
19,35,1,183,0,flood
9,2,2,22,6,brute_force
10,5,1,116,11,brute_force
6,20,1,149,1,flood
3,20,8,157,2,topic_scan
15,19,5,121,3,flood
15,48,5,382,0,flood
7,1,1,147,9,brute_force
2,0,2,79,14,brute_force
1,5,4,64,0,topic_scan
20,59,1,146,1,flood
1,3,3,174,1,normal
2,2,2,162,1,normal
17,38,5,364,0,flood
17,37,4,191,1,flood
7,6,1,13,6,brute_force
10,54,5,165,1,flood
4,8,4,46,0,normal
4,6,1,891,0,oversized_payload
1,12,15,183,1,topic_scan
2,0,2,200,5,brute_force
2,3,1,50,0,normal
1,8,1,66,0,normal
19,55,4,251,2,flood
1,13,20,61,3,topic_scan
2,8,4,910,1,oversized_payload
0,6,4,180,1,normal
12,57,3,115,0,flood
0,9,3,47,0,normal
12,15,3,211,2,flood
2,15,20,20,0,topic_scan
3,19,13,116,2,topic_scan
4,9,2,1939,1,oversized_payload
2,6,3,1579,2,oversized_payload
1,7,2,275,1,normal
2,5,3,107,4,brute_force
1,16,19,63,3,topic_scan
0,5,2,98,1,normal
10,1,2,108,5,brute_force
4,3,2,44,11,brute_force
7,17,1,300,0,normal
4,10,2,86,1,normal
5,11,2,158,0,flood
4,22,8,141,1,topic_scan
9,4,1,58,9,brute_force
9,0,2,172,3,brute_force
15,39,3,122,0,flood
5,12,12,15,0,topic_scan
2,5,4,1889,1,oversized_payload
2,1,3,2272,0,oversized_payload
10,26,4,232,0,flood
6,20,16,122,3,topic_scan
1,8,11,94,3,topic_scan
6,21,10,195,0,topic_scan
5,11,2,1339,0,oversized_payload
4,1,1,30,10,brute_force
8,59,5,265,2,flood
11,33,4,120,0,flood
7,1,1,70,15,brute_force
13,48,4,36,3,flood
2,5,3,750,1,oversized_payload
2,2,1,132,6,brute_force
2,8,2,243,0,normal
9,28,1,184,3,flood
4,5,3,77,1,normal
7,5,1,74,18,brute_force
6,14,20,78,1,topic_scan
10,1,2,60,4,brute_force
3,8,4,124,1,normal
9,3,3,130,13,brute_force
3,15,1,853,0,oversized_payload
6,8,4,44,0,normal
6,2,2,78,16,brute_force
10,1,1,149,12,brute_force
3,18,7,193,1,topic_scan
5,4,1,1796,2,oversized_payload
9,6,3,135,15,brute_force
7,65,4,374,3,flood
3,5,1,131,0,normal
2,8,1,1794,0,oversized_payload
9,3,1,50,14,brute_force
1,1,1,258,1,normal
6,9,11,30,3,topic_scan
1,5,3,1973,1,oversized_payload
15,65,4,183,2,flood
3,9,5,2421,2,oversized_payload
2,2,1,79,4,brute_force
4,18,2,198,1,normal
2,10,1,302,0,oversized_payload
3,4,3,102,13,brute_force
4,2,1,293,3,brute_force
3,12,16,139,0,topic_scan
9,1,2,125,17,brute_force
16,63,5,309,1,flood
17,24,2,48,3,flood
3,15,3,2001,2,oversized_payload
3,5,2,80,16,brute_force
4,6,3,123,9,brute_force
4,9,2,1650,2,oversized_payload
2,14,4,1169,0,oversized_payload
20,33,2,125,2,flood
6,11,22,74,3,topic_scan
0,6,4,157,0,normal
1,21,8,121,3,topic_scan
1,13,20,136,1,topic_scan
4,5,3,800,0,oversized_payload
6,15,3,133,3,flood
3,8,4,144,0,normal
4,8,1,90,0,normal
18,25,1,190,1,flood
16,60,4,88,0,flood
5,13,5,2383,0,oversized_payload
12,25,1,156,1,flood
2,3,5,1284,2,oversized_payload
0,4,2,155,0,normal
1,6,3,1400,1,oversized_payload
4,6,3,71,12,brute_force
5,3,1,28,11,brute_force
9,3,3,115,7,brute_force
4,14,4,1075,0,oversized_payload
6,2,2,92,5,brute_force
2,8,2,92,0,normal
2,4,1,1495,2,oversized_payload
20,41,5,275,0,flood
3,4,4,860,1,oversized_payload
3,6,5,2391,0,oversized_payload
12,34,1,123,2,flood
4,3,1,841,0,oversized_payload
2,10,22,15,0,topic_scan
2,20,14,152,3,topic_scan
4,9,3,1142,2,oversized_payload
6,20,8,148,3,topic_scan
4,8,3,294,0,normal
19,39,4,368,0,flood
12,44,3,316,3,flood
1,13,15,106,1,topic_scan
3,13,2,1369,0,oversized_payload
5,1,3,46,15,brute_force
4,4,3,10,16,brute_force
3,13,3,2039,0,oversized_payload
4,14,10,74,1,topic_scan
4,7,1,2300,1,oversized_payload
5,1,2,33,14,brute_force
5,12,1,1239,2,oversized_payload
7,6,3,149,4,brute_force
3,9,1,1368,0,oversized_payload
10,0,2,83,10,brute_force
7,15,1,279,1,normal
5,3,2,255,2,brute_force
13,26,5,164,1,flood
5,3,3,34,12,brute_force
2,13,19,111,0,topic_scan
1,3,4,268,1,normal
7,21,3,346,1,flood
8,20,2,381,2,flood
5,8,1,1985,1,oversized_payload
7,2,1,27,12,brute_force
5,56,4,181,2,flood
10,3,3,125,10,brute_force
1,4,3,589,2,oversized_payload
5,6,3,144,17,brute_force
10,0,3,28,17,brute_force
3,2,5,1157,1,oversized_payload
4,7,1,78,0,normal
5,4,2,25,14,brute_force
17,15,1,303,1,flood
5,12,1,260,2,flood
7,6,2,126,11,brute_force
2,1,2,259,4,brute_force
5,4,4,1862,0,oversized_payload
13,57,3,182,1,flood
3,10,4,232,1,normal
8,16,3,361,0,flood
7,4,3,14,7,brute_force
16,16,3,185,2,flood
10,36,3,254,2,flood
3,9,3,290,0,normal
3,3,3,53,17,brute_force
4,11,3,1323,0,oversized_payload
3,12,3,96,1,flood
16,59,1,53,1,flood
1,6,4,2091,2,oversized_payload
1,8,1,89,1,normal
1,17,8,50,1,topic_scan
2,11,3,486,1,oversized_payload
3,6,4,46,1,normal
6,21,22,146,3,topic_scan
4,14,1,2157,0,oversized_payload
9,1,3,51,15,brute_force
1,2,1,240,1,normal
5,17,21,39,3,topic_scan
8,0,1,95,9,brute_force
9,3,2,113,17,brute_force
2,13,8,196,2,topic_scan
3,8,5,420,0,oversized_payload
7,11,4,79,0,normal
10,28,2,94,0,flood
0,5,3,248,0,normal
10,1,1,145,6,brute_force
1,19,8,110,2,topic_scan
11,51,5,362,1,flood
1,8,4,113,0,normal
8,65,3,304,2,flood
1,6,4,2318,2,oversized_payload
5,9,11,111,3,topic_scan
4,17,15,102,1,topic_scan
2,2,1,2424,1,oversized_payload
4,5,1,633,2,oversized_payload
8,21,1,34,1,flood
1,13,4,1222,0,oversized_payload
5,21,8,123,2,topic_scan
2,7,4,34,1,normal
2,16,8,185,1,topic_scan
2,0,2,49,15,brute_force
5,4,2,55,14,brute_force
7,16,2,214,0,normal
10,3,1,131,17,brute_force
4,4,1,61,1,normal
4,2,4,232,0,normal
0,2,1,137,0,normal
11,26,3,173,3,flood
3,8,7,65,1,topic_scan
14,33,5,166,0,flood
7,1,1,159,3,brute_force
3,8,1,358,0,flood
16,38,4,173,3,flood
2,6,3,25,1,normal
3,15,2,325,1,flood
5,31,2,50,0,flood
3,1,3,121,9,brute_force
4,17,12,110,2,topic_scan
0,10,2,293,0,normal
1,18,8,39,1,topic_scan
6,0,1,105,9,brute_force
2,11,5,528,0,oversized_payload
3,12,5,1922,0,oversized_payload
7,6,3,139,7,brute_force
4,5,4,258,1,normal
5,8,8,76,2,topic_scan
6,10,1,157,0,normal
2,6,2,87,11,brute_force
9,53,5,30,3,flood
9,34,3,35,1,flood
4,2,1,263,1,normal
1,9,3,748,0,oversized_payload
2,4,3,222,0,normal
4,18,2,55,0,normal
2,15,1,386,2,oversized_payload
2,8,19,66,2,topic_scan
1,6,3,216,0,normal
9,16,4,397,2,flood
4,21,13,168,1,topic_scan
5,9,20,24,0,topic_scan
4,3,3,210,1,normal
3,15,20,94,1,topic_scan
15,53,4,342,3,flood
10,4,1,130,15,brute_force
5,15,2,2205,1,oversized_payload
3,0,1,111,10,brute_force
13,20,3,158,0,flood
4,7,5,2038,0,oversized_payload
9,3,2,123,5,brute_force
12,20,4,257,3,flood
1,4,1,98,0,normal
4,8,7,66,2,topic_scan
9,49,2,164,0,flood
1,10,2,2461,0,oversized_payload
6,3,3,30,12,brute_force
12,50,1,228,3,flood
4,10,3,71,0,normal
2,11,2,719,0,oversized_payload
7,6,2,59,4,brute_force
5,2,1,1180,0,oversized_payload
10,1,2,115,9,brute_force
8,2,2,105,11,brute_force
8,0,3,18,8,brute_force
3,1,2,2278,0,oversized_payload
5,18,11,92,3,topic_scan
17,21,4,325,1,flood
5,7,5,1998,1,oversized_payload
7,1,2,143,16,brute_force
1,10,4,1477,2,oversized_payload
1,4,1,1285,1,oversized_payload
3,14,2,2460,0,oversized_payload
8,5,1,127,5,brute_force
8,20,3,307,3,flood
3,13,5,1035,0,oversized_payload
3,6,3,136,0,normal
5,15,9,100,1,topic_scan
6,8,15,189,3,topic_scan
10,1,2,11,8,brute_force
6,13,10,151,1,topic_scan
4,4,1,81,8,brute_force
4,3,3,11,13,brute_force
6,9,4,160,0,normal
1,13,13,93,3,topic_scan
3,1,2,69,9,brute_force
1,12,2,1283,2,oversized_payload
2,2,1,384,1,oversized_payload
1,2,3,71,0,normal
4,19,22,121,1,topic_scan
5,10,1,132,2,flood
3,2,2,21,5,brute_force
1,6,3,27,0,normal
2,7,4,102,0,normal
2,3,3,144,4,brute_force
3,8,11,45,2,topic_scan
7,16,1,131,3,flood
17,20,3,143,1,flood
9,4,1,136,7,brute_force
10,1,2,111,14,brute_force
14,41,3,220,2,flood
4,2,4,280,1,normal
17,28,4,138,3,flood
0,6,3,78,1,normal
6,57,1,364,0,flood
7,6,2,49,8,brute_force
4,1,3,18,14,brute_force
20,31,3,325,2,flood
2,11,15,127,3,topic_scan
8,0,3,130,6,brute_force
4,3,3,419,1,oversized_payload
4,4,3,48,14,brute_force
9,5,1,46,15,brute_force
5,16,8,160,1,topic_scan
12,29,3,189,1,flood
4,15,2,1503,0,oversized_payload
7,61,1,161,1,flood
1,9,5,1213,0,oversized_payload
2,3,3,684,0,oversized_payload
2,3,2,45,17,brute_force
4,11,1,1261,2,oversized_payload
10,23,5,50,1,flood
5,19,22,74,0,topic_scan
3,2,1,445,1,oversized_payload
6,4,1,26,17,brute_force
6,12,17,165,3,topic_scan
14,60,3,339,3,flood
1,13,14,135,2,topic_scan
1,4,1,1170,0,oversized_payload
3,21,12,20,3,topic_scan
3,7,4,1231,1,oversized_payload
1,5,4,142,1,normal
3,6,2,209,1,normal
4,21,14,116,1,topic_scan
20,55,5,385,1,flood
3,19,13,122,1,topic_scan
3,4,1,56,16,brute_force
4,2,3,70,11,brute_force
1,5,4,268,0,normal
6,1,1,37,6,brute_force
3,2,3,205,0,normal
16,60,5,353,3,flood
2,10,13,16,0,topic_scan
4,19,9,114,1,topic_scan
6,3,3,131,15,brute_force
1,3,3,109,0,normal
6,21,13,37,2,topic_scan
17,19,4,336,3,flood
2,8,2,82,0,normal
5,47,3,317,2,flood
2,6,1,13,10,brute_force
4,10,3,966,2,oversized_payload
4,7,3,216,0,normal
7,0,1,133,15,brute_force
4,6,3,155,1,normal
4,2,3,2261,0,oversized_payload
3,11,1,180,3,flood
10,40,3,179,3,flood
5,14,10,83,0,topic_scan
20,65,3,379,0,flood
6,40,1,383,1,flood
6,13,12,172,2,topic_scan
3,11,5,2222,0,oversized_payload
10,16,4,261,1,flood
1,3,4,52,1,normal
4,9,8,146,2,topic_scan
2,15,11,181,1,topic_scan
1,3,1,43,0,normal
4,15,15,159,3,topic_scan
2,15,21,48,0,topic_scan
4,4,2,90,17,brute_force
2,6,1,66,0,normal
10,47,5,385,2,flood
10,1,1,17,11,brute_force
3,18,12,149,3,topic_scan
4,2,3,240,0,normal
7,6,1,17,16,brute_force
1,4,2,776,2,oversized_payload
2,11,3,1923,0,oversized_payload
4,7,6,97,3,topic_scan
2,22,8,172,1,topic_scan
4,10,5,694,1,oversized_payload
6,9,8,193,1,topic_scan
6,8,16,114,0,topic_scan
3,0,2,66,5,brute_force
6,10,12,26,3,topic_scan
5,14,2,343,0,oversized_payload
4,4,2,1319,0,oversized_payload
3,15,1,1777,1,oversized_payload
2,10,5,1601,0,oversized_payload
5,10,3,2053,0,oversized_payload
1,5,3,166,0,normal
12,17,3,225,0,flood
2,4,1,242,0,normal
2,19,10,115,0,topic_scan
12,42,1,390,0,flood
2,15,7,31,3,topic_scan
4,5,3,31,1,normal
20,65,4,209,0,flood
1,5,1,266,1,normal
5,22,7,45,1,topic_scan
2,10,7,170,0,topic_scan
2,7,1,2396,0,oversized_payload
4,5,2,175,0,normal
2,9,3,51,1,normal
7,50,1,203,3,flood
3,3,3,464,2,oversized_payload
10,1,2,47,14,brute_force
8,4,2,21,16,brute_force
5,11,4,76,1,normal
4,19,18,96,3,topic_scan
5,20,11,116,1,topic_scan
1,1,2,244,1,normal
6,39,3,303,0,flood
2,12,4,1852,2,oversized_payload
4,2,1,1138,2,oversized_payload
7,4,2,21,5,brute_force
4,7,5,1512,1,oversized_payload
1,16,19,58,0,topic_scan
1,15,5,2265,2,oversized_payload
9,1,3,114,8,brute_force
19,34,5,349,3,flood
10,62,2,294,1,flood
7,58,4,344,0,flood
3,10,5,1066,1,oversized_payload
2,5,2,16,8,brute_force
3,3,3,91,0,normal
3,8,5,592,1,oversized_payload
3,14,3,1211,0,oversized_payload
4,4,1,917,2,oversized_payload
7,5,3,93,11,brute_force
0,3,2,138,1,normal
5,8,22,151,2,topic_scan
1,3,2,231,0,normal
1,1,1,172,1,normal
2,22,20,57,3,topic_scan
4,4,4,2048,0,oversized_payload
8,1,3,128,15,brute_force
16,37,4,346,1,flood
2,2,2,99,1,normal
4,9,1,183,0,normal
19,26,4,330,2,flood
6,17,20,114,1,topic_scan
12,18,2,74,3,flood
4,15,2,2310,2,oversized_payload
6,21,12,18,0,topic_scan
2,12,12,190,2,topic_scan
4,9,1,1649,0,oversized_payload
11,47,1,378,3,flood
4,7,4,137,0,normal
7,61,1,82,2,flood
1,14,1,579,0,oversized_payload
6,4,1,97,12,brute_force
15,59,2,55,3,flood
19,22,4,57,0,flood
4,13,2,217,0,normal
3,8,1,256,1,normal
17,39,1,328,1,flood
8,57,2,242,2,flood
4,1,1,159,1,normal
5,1,1,1657,2,oversized_payload
3,22,21,48,0,topic_scan
8,3,3,81,6,brute_force
8,58,1,153,2,flood
5,2,1,59,5,brute_force
8,5,1,32,15,brute_force
20,41,4,280,1,flood
5,8,4,197,3,topic_scan
3,22,14,66,0,topic_scan
1,5,2,998,1,oversized_payload
1,6,1,2104,2,oversized_payload
4,3,2,1033,1,oversized_payload
4,4,2,28,1,normal
4,18,16,125,1,topic_scan
14,42,1,297,0,flood
6,16,4,269,2,flood
10,62,5,91,3,flood
12,58,5,356,3,flood
1,14,5,2217,1,oversized_payload
5,12,1,1005,1,oversized_payload
1,2,1,2434,2,oversized_payload
2,2,1,217,5,brute_force
9,4,1,87,9,brute_force
3,0,1,133,16,brute_force
2,2,3,26,1,normal
9,38,4,144,2,flood
10,1,2,109,11,brute_force
13,54,5,388,1,flood
6,34,2,91,0,flood
3,9,1,156,0,normal
1,16,21,95,1,topic_scan
10,51,2,143,1,flood
5,9,17,84,0,topic_scan
2,12,2,2040,2,oversized_payload
2,1,1,71,11,brute_force
0,8,2,124,1,normal
8,5,2,233,2,brute_force
17,30,5,386,2,flood
9,25,3,245,3,flood
9,4,3,137,11,brute_force
1,10,3,1377,0,oversized_payload
5,14,5,1700,1,oversized_payload
6,45,3,347,2,flood
5,11,19,76,0,topic_scan
1,11,16,133,3,topic_scan
1,9,4,66,0,normal
1,5,3,135,1,normal
3,1,3,133,0,normal
9,0,1,96,4,brute_force
1,2,5,1804,1,oversized_payload
5,13,13,121,3,topic_scan
4,14,4,633,0,oversized_payload
2,12,20,196,3,topic_scan
2,6,3,223,0,normal
1,21,10,114,2,topic_scan
3,9,4,229,0,normal
5,13,16,122,2,topic_scan
4,3,3,84,10,brute_force
2,19,11,65,3,topic_scan
19,24,3,396,1,flood
9,5,3,105,6,brute_force
5,15,4,1068,1,oversized_payload
1,11,7,172,0,topic_scan
10,1,2,102,18,brute_force
2,21,19,26,0,topic_scan
4,4,2,139,9,brute_force
5,2,1,980,1,oversized_payload
18,31,2,32,0,flood
4,9,12,79,0,topic_scan
2,8,1,55,0,normal
0,6,2,55,0,normal
1,15,8,109,0,topic_scan
0,5,4,251,0,normal
2,15,15,107,3,topic_scan
5,12,11,37,2,topic_scan
2,11,11,190,2,topic_scan
5,10,1,2381,0,oversized_payload
5,5,3,1302,1,oversized_payload
11,35,4,260,2,flood
6,12,2,90,0,normal
4,1,5,560,1,oversized_payload
4,14,20,109,3,topic_scan
9,55,4,68,0,flood
7,1,1,79,9,brute_force
6,20,18,94,1,topic_scan
7,6,3,268,2,brute_force
3,3,4,199,1,normal
13,45,2,72,2,flood
7,4,2,47,11,brute_force
12,31,1,246,1,flood
6,1,3,33,4,brute_force
7,4,1,122,7,brute_force
0,9,3,173,0,normal
3,1,2,229,0,normal
1,15,4,1800,1,oversized_payload
3,12,9,175,0,topic_scan
0,9,2,159,1,normal
7,3,3,43,7,brute_force
1,5,2,455,0,oversized_payload
1,7,3,258,1,normal
1,8,4,208,1,normal
4,8,3,43,0,normal
3,20,7,73,2,topic_scan
9,0,2,89,14,brute_force
2,20,9,90,3,topic_scan
5,0,1,80,11,brute_force
5,20,9,104,3,topic_scan
18,56,2,340,3,flood
4,13,3,611,1,oversized_payload
3,10,1,283,0,normal
5,8,1,55,1,normal
3,1,1,51,1,normal
5,5,2,59,4,brute_force
5,13,5,1465,0,oversized_payload
14,30,3,367,1,flood
6,22,11,148,1,topic_scan
1,8,19,44,0,topic_scan
9,3,3,90,12,brute_force
4,0,1,23,17,brute_force
2,6,1,233,1,normal
3,4,1,10,10,brute_force
3,0,3,115,10,brute_force
7,5,2,119,18,brute_force
4,6,3,104,1,normal
1,8,3,33,1,normal
18,17,5,93,3,flood
7,40,3,287,0,flood
15,56,1,143,2,flood
1,3,3,1995,0,oversized_payload
8,61,1,54,3,flood
6,14,17,130,3,topic_scan
4,1,1,61,0,normal
6,15,11,98,0,topic_scan
8,4,3,278,2,brute_force
5,14,9,138,0,topic_scan
8,1,1,144,14,brute_force
6,15,18,115,3,topic_scan
6,28,3,105,0,flood
4,3,1,62,12,brute_force
1,5,3,44,1,normal
3,11,5,1911,1,oversized_payload
1,11,1,1856,0,oversized_payload
7,0,2,38,12,brute_force
17,47,3,351,3,flood
2,4,2,77,5,brute_force
2,2,5,1451,0,oversized_payload
2,1,1,86,9,brute_force
17,20,5,305,1,flood
1,9,12,78,1,topic_scan
5,5,3,78,10,brute_force
6,14,13,92,0,topic_scan
3,12,5,1605,1,oversized_payload
3,10,2,274,0,normal
9,0,3,147,18,brute_force
4,0,1,49,12,brute_force
18,24,5,79,1,flood
2,4,2,148,0,normal
3,10,2,393,0,oversized_payload
7,6,2,115,16,brute_force
3,5,4,1389,0,oversized_payload
1,18,15,54,3,topic_scan
7,4,3,48,6,brute_force
18,59,3,264,0,flood
5,5,8,31,0,topic_scan
2,8,2,208,1,normal
4,15,16,131,2,topic_scan
18,52,4,290,1,flood
3,2,2,139,12,brute_force
14,20,5,134,1,flood
7,32,4,210,3,flood
6,19,9,42,3,topic_scan
3,7,3,769,2,oversized_payload
7,27,2,329,0,flood
11,57,2,380,3,flood
16,64,2,261,2,flood
19,61,5,335,2,flood
3,0,2,135,11,brute_force
5,15,4,980,0,oversized_payload
4,3,3,184,0,normal
6,9,5,294,1,flood
1,15,5,2361,0,oversized_payload
2,5,3,46,11,brute_force
2,5,2,82,7,brute_force
7,2,1,95,6,brute_force
4,9,18,188,3,topic_scan
4,4,1,113,17,brute_force
1,6,5,798,1,oversized_payload
3,8,2,263,1,normal
4,6,4,2457,1,oversized_payload
5,4,1,11,10,brute_force
4,9,4,868,0,oversized_payload
2,2,1,2105,0,oversized_payload
2,7,1,200,0,normal
2,19,8,187,1,topic_scan
7,3,2,15,8,brute_force
4,1,2,31,11,brute_force
5,8,8,111,1,topic_scan
9,2,3,140,4,brute_force
2,2,3,981,0,oversized_payload
6,6,3,112,9,brute_force
2,0,3,109,8,brute_force
3,2,1,293,2,brute_force
14,23,4,98,1,flood
2,6,5,433,1,oversized_payload
3,8,1,141,1,normal
5,14,14,50,3,topic_scan
3,20,10,15,3,topic_scan
10,16,2,150,2,flood
4,6,1,604,1,oversized_payload
6,20,16,115,1,topic_scan
6,17,14,104,2,topic_scan
0,5,3,229,1,normal
7,3,1,119,9,brute_force
4,3,2,1173,2,oversized_payload
19,20,4,344,2,flood
13,53,5,116,2,flood
6,17,3,82,2,flood
4,8,12,128,1,topic_scan
8,4,3,100,16,brute_force
4,11,4,1622,2,oversized_payload
7,3,1,122,15,brute_force
2,22,21,99,1,topic_scan
4,15,16,191,1,topic_scan
3,20,19,118,0,topic_scan
2,5,3,2013,0,oversized_payload
17,28,4,127,2,flood
4,3,2,1848,2,oversized_payload
14,25,4,319,3,flood
5,9,7,198,3,topic_scan
0,3,4,257,1,normal
3,16,2,246,1,normal
6,18,8,148,1,topic_scan
2,8,1,851,0,oversized_payload
3,3,4,124,1,normal
18,55,4,236,3,flood
4,3,5,1218,0,oversized_payload
11,30,2,165,1,flood
3,2,2,91,1,normal
2,6,4,281,0,normal
6,9,19,110,0,topic_scan
17,16,2,144,1,flood
9,3,1,67,6,brute_force
18,39,2,104,1,flood
6,16,16,199,2,topic_scan
2,7,1,725,1,oversized_payload
4,4,3,116,15,brute_force
6,63,5,266,0,flood
17,54,5,176,0,flood
3,9,3,2491,0,oversized_payload
4,21,14,20,0,topic_scan
5,22,3,258,1,flood
2,4,3,278,1,normal
1,4,3,44,0,normal
8,45,1,202,2,flood
4,9,3,864,0,oversized_payload
7,6,1,14,8,brute_force
2,10,13,55,3,topic_scan
1,10,4,139,1,normal
8,3,1,68,15,brute_force
1,17,22,16,0,topic_scan
2,5,1,649,2,oversized_payload
5,4,4,1303,1,oversized_payload
6,47,3,231,1,flood
3,3,2,126,13,brute_force
15,38,3,141,3,flood
15,50,4,266,1,flood
6,40,1,268,2,flood
2,4,1,489,1,oversized_payload
5,0,1,46,11,brute_force
4,11,2,194,1,normal
3,0,3,125,14,brute_force
6,5,1,55,12,brute_force
4,3,1,246,1,normal
0,8,1,195,0,normal
20,45,2,142,3,flood
4,9,2,160,0,flood
6,11,15,156,3,topic_scan
3,5,1,260,0,normal
6,8,22,183,2,topic_scan
10,6,3,123,11,brute_force
16,17,5,249,1,flood
4,11,4,378,2,oversized_payload
3,5,3,2164,0,oversized_payload
2,5,4,990,2,oversized_payload
5,9,16,37,3,topic_scan
1,5,4,147,0,normal
16,29,5,119,3,flood
8,46,2,199,0,flood
6,21,15,63,1,topic_scan
4,14,5,1187,0,oversized_payload
4,4,4,78,0,normal
12,46,5,66,0,flood
6,14,13,127,3,topic_scan
9,1,1,10,6,brute_force
2,7,4,295,0,normal
14,58,3,374,1,flood
8,3,1,135,14,brute_force
2,1,2,122,10,brute_force
3,13,4,975,0,oversized_payload
3,2,3,97,5,brute_force
5,18,16,198,1,topic_scan
0,1,1,227,1,normal
4,8,2,263,1,normal
3,16,17,177,1,topic_scan
4,3,4,42,1,normal
5,25,4,207,2,flood
4,5,3,145,0,normal
3,9,8,181,0,topic_scan
2,7,6,61,0,topic_scan
5,10,2,1726,2,oversized_payload
2,8,4,96,0,normal
1,7,2,150,0,normal
5,9,7,44,3,topic_scan
14,56,1,152,3,flood
0,6,3,176,1,normal
2,0,3,100,17,brute_force
4,9,2,1462,0,oversized_payload
15,25,1,392,2,flood
16,18,5,111,0,flood
1,9,3,1889,2,oversized_payload
4,18,10,113,2,topic_scan
14,23,2,30,3,flood
3,8,4,106,1,normal
6,3,1,118,8,brute_force
3,6,4,190,1,normal
5,8,2,1249,2,oversized_payload
9,46,1,301,0,flood
8,0,1,114,14,brute_force
2,21,15,88,3,topic_scan
1,1,3,444,2,oversized_payload
